{"actions":[],"apps":[{"acl":{"app":[],"field":[],"record":[]},"app":null,"category":{"categories":[],"useCategory":"false"},"form":{"layout":"[{\"id\":null,\"type\":\"ROW\",\"isSubTable\":false,\"var\":null,\"controlList\":[{\"isVirtical\":true,\"styleMap\":{\"width\":193},\"type\":\"SINGLE_LINE_TEXT\",\"var\":\"no\",\"label\":\"No\"}]},{\"id\":null,\"type\":\"ROW\",\"isSubTable\":false,\"var\":null,\"controlList\":[{\"isVirtical\":true,\"styleMap\":{\"width\":196},\"type\":\"SINGLE_SELECT\",\"var\":\"区分\",\"label\":\"区分\"},{\"isVirtical\":true,\"styleMap\":{\"width\":500},\"type\":\"SINGLE_LINE_TEXT\",\"var\":\"名前\",\"label\":\"名前\"}]},{\"id\":null,\"type\":\"ROW\",\"isSubTable\":false,\"var\":null,\"controlList\":[{\"isVirtical\":true,\"styleMap\":{\"width\":193},\"type\":\"DECIMAL\",\"var\":\"uid\",\"label\":\"uid\"}]},{\"id\":null,\"type\":\"ROW\",\"isSubTable\":false,\"var\":null,\"controlList\":[{\"isVirtical\":true,\"styleMap\":{\"width\":349},\"type\":\"SINGLE_LINE_TEXT\",\"var\":\"record_title\",\"label\":\"レコードタイトル\"}]},{\"id\":null,\"type\":\"ROW\",\"isSubTable\":false,\"var\":null,\"controlList\":[{\"isVirtical\":true,\"styleMap\":{\"width\":349},\"type\":\"SINGLE_LINE_TEXT\",\"var\":\"lookup_key\",\"label\":\"検索キー\"}]}]","revision":null},"iconMeta":null,"info":{"automaticallyChooseTitleComponent":"true","code":null,"decimalPrecision":"16","decimalScale":"4","description":"\u003Cdiv\u003E\u003Cbr /\u003E\u003C/div\u003E","enableBulkDeletion":"false","fiscalYearStartMonth":"4","iconKey":"APP39","iconType":"PRESET","jsFiles":null,"jsScope":"ALL","name":"kintone_toolsサンプル","roundingMode":"HALF_EVEN","theme":"PLAIN","titleComponentLocalId":null,"useComment":"true","useHistory":"true","useThumbnail":"true"},"jsFiles":[{"jsFileMetas":[{"internalName":null,"locationType":"BLOB","mime":"text/javascript","name":"kintoneUtility.js","url":null},{"internalName":null,"locationType":"BLOB","mime":"text/javascript","name":"kintone_tools.min.js","url":null},{"internalName":null,"locationType":"BLOB","mime":"text/javascript","name":"_config.js","url":null},{"internalName":null,"locationType":"BLOB","mime":"text/javascript","name":"sample_kintone_tools.js","url":null}],"jsType":"DESKTOP"}],"notification":{"appNotifications":[{"events":["RECORD_COMMENT_ADDED"],"target":{"entityId":"5520148","entityType":"FIELD_ENTITY","includeSubs":"false"}},{"events":["RECORD_COMMENT_ADDED"],"target":{"entityId":"5520149","entityType":"FIELD_ENTITY","includeSubs":"false"}}],"recordNotifications":[],"reminderTimezone":null,"reminders":[],"useComment":"true","useReminder":"false"},"plugin":{"pluginIds":[]},"reports":[],"resource":{"tables":[{"rows":[{"fields":[],"objectId":"0","subObjectId":"-1"}],"type":"AppName"},{"rows":[{"fields":[],"objectId":"0","subObjectId":"-1"}],"type":"AppDescription"},{"rows":[{"fields":[],"objectId":"5520147","subObjectId":"-1"},{"fields":[],"objectId":"5520148","subObjectId":"-1"},{"fields":[],"objectId":"5520149","subObjectId":"-1"},{"fields":[],"objectId":"5520150","subObjectId":"-1"},{"fields":[],"objectId":"5520151","subObjectId":"-1"},{"fields":[],"objectId":"5520152","subObjectId":"-1"},{"fields":[],"objectId":"5520153","subObjectId":"-1"},{"fields":[],"objectId":"5520154","subObjectId":"-1"},{"fields":[],"objectId":"5520155","subObjectId":"-1"},{"fields":[],"objectId":"5520156","subObjectId":"-1"},{"fields":[],"objectId":"5520157","subObjectId":"-1"},{"fields":[],"objectId":"5520158","subObjectId":"-1"},{"fields":[],"objectId":"5520159","subObjectId":"-1"},{"fields":[],"objectId":"5520164","subObjectId":"-1"},{"fields":[],"objectId":"5520164","subObjectId":"5520162"},{"fields":[],"objectId":"5520164","subObjectId":"5520163"}],"type":"FieldLabel"},{"rows":[{"fields":[],"objectId":"20","subObjectId":"-1"}],"type":"ViewName"}]},"schema":{"groups":[],"revision":null,"subTable":{},"table":{"fieldList":{"5520147":{"id":"5520147","label":"レコード番号","properties":{"noLabel":"false","required":"true"},"type":"RECORD_ID","var":"レコード番号"},"5520148":{"id":"5520148","label":"更新者","properties":{"noLabel":"false","required":"true"},"type":"MODIFIER","var":"更新者"},"5520149":{"id":"5520149","label":"作成者","properties":{"noLabel":"false","required":"true"},"type":"CREATOR","var":"作成者"},"5520150":{"id":"5520150","label":"更新日時","properties":{"noLabel":"false","required":"true"},"type":"MODIFIED_AT","var":"更新日時"},"5520151":{"id":"5520151","label":"作成日時","properties":{"noLabel":"false","required":"true"},"type":"CREATED_AT","var":"作成日時"},"5520152":{"id":"5520152","label":"ステータス","properties":{"noLabel":"false","required":"false"},"type":"STATUS","var":"ステータス"},"5520153":{"id":"5520153","label":"作業者","properties":{"noLabel":"false","required":"false"},"type":"STATUS_ASSIGNEE","var":"作業者"},"5520154":{"id":"5520154","label":"カテゴリー","properties":{"noLabel":"false","required":"false"},"type":"CATEGORY","var":"カテゴリー"},"5520155":{"id":"5520155","label":"No","properties":{"defaultValue":"","expression":"","hideExpression":"false","max":"64","min":null,"noLabel":"false","required":"true","unique":"true"},"type":"SINGLE_LINE_TEXT","var":"no"},"5520156":{"id":"5520156","label":"名前","properties":{"defaultValue":"","expression":"","hideExpression":"false","max":null,"min":null,"noLabel":"false","required":"true","unique":"false"},"type":"SINGLE_LINE_TEXT","var":"名前"},"5520157":{"id":"5520157","label":"uid","properties":{"defaultValue":null,"digit":"false","displayScale":null,"max":null,"min":null,"noLabel":"false","required":"true","roundingMode":null,"scale":null,"unique":"true","unit":"","unitPosition":"BEFORE"},"type":"DECIMAL","var":"uid"},"5520158":{"id":"5520158","label":"レコードタイトル","properties":{"defaultValue":"","expression":"","hideExpression":"false","max":null,"min":null,"noLabel":"false","required":"true","unique":"false"},"type":"SINGLE_LINE_TEXT","var":"record_title"},"5520159":{"id":"5520159","label":"検索キー","properties":{"defaultValue":"","expression":"","hideExpression":"false","max":"64","min":null,"noLabel":"false","required":"true","unique":"true"},"type":"SINGLE_LINE_TEXT","var":"lookup_key"},"5520164":{"id":"5520164","label":"区分","properties":{"defaultValue":"5520162","noLabel":"false","options":[{"id":"5520162","label":"一般","valid":true},{"id":"5520163","label":"管理者","valid":true}],"required":"true"},"type":"SINGLE_SELECT","var":"区分"}},"id":"1","label":"__ROOT__","var":"__ROOT__"}},"status":{"actions":[],"filters":[],"initialStateId":null,"states":[],"useStatus":"false"},"uuid":"22928793-6a5b-4e3e-ab0b-81754f0b4613","views":[{"advancedMode":null,"builtinType":"ALL","device":null,"fields":[{"row":[{"id":"5520147"},{"id":"5520155"},{"id":"5520156"},{"id":"5520157"},{"id":"5520158"},{"id":"5520159"},{"id":"5520164"}]}],"filter":{"category":null,"offset":null,"order":[],"q":null,"size":null,"sort":[]},"html":null,"keyFieldId":null,"name":"（すべて）","pager":null,"revision":null,"titleFieldId":null,"view":"20","viewType":"LIST"}]}],"description":"","iconKey":"APP39","iconMeta":null,"iconSrcAppId":"22928793-6a5b-4e3e-ab0b-81754f0b4613","iconType":"PRESET","imagesMeta":[],"lookups":[],"name":"kintone_toolsサンプル","references":[],"version":"25"}